时间,人数
2026-08-05 22:31:37,0
2026-08-05 22:31:39,0
2026-08-05 22:32:07,0
2026-08-05 23:16:01,0
2026-08-05 23:16:02,0
2026-08-05 23:54:44,17
2026-08-05 23:54:49,17
2026-08-05 23:54:54,17
2026-08-05 23:54:59,20
2026-08-05 23:55:04,9
2026-08-05 23:55:09,17
2026-08-05 23:55:14,11
2026-08-05 23:55:19,7
2026-08-05 23:55:24,0
2026-08-05 23:55:29,3
2026-08-05 23:55:34,3
2026-08-05 23:57:42,0
2026-08-05 23:59:40,3
2026-08-05 23:59:45,7
2026-08-05 23:59:50,4
2026-08-05 23:59:55,4
2026-08-06 00:01:05,8
2026-08-06 00:01:10,12
2026-08-06 00:01:15,7
2026-08-06 00:01:26,7
2026-08-06 00:29:55,17
2026-08-06 00:30:00,32
2026-08-06 00:30:05,16
2026-08-06 00:30:10,19
2026-08-06 00:30:15,9
2026-08-06 00:30:20,3
2026-08-06 00:30:25,6
2026-08-06 00:30:30,3
2026-08-06 00:32:37,7
2026-08-06 00:33:05,3
2026-08-06 00:33:10,4
2026-08-06 00:33:15,5
2026-09-29 16:46:13,0
2026-09-29 16:46:18,1
2026-09-29 16:46:23,1
2026-09-29 16:46:28,1
2026-09-29 16:46:33,1
2026-09-29 16:46:38,1
2026-09-29 16:46:43,1
2026-09-29 16:46:48,2
